n,Insertion Sort,Selection Sort,Bubble Sort,Merge Sort,Quick Sort
100,2.163197208003112,1.8830003750008473,1.9721534169984807,1.9531712499992864,1.8976892499995301
500,0.6630005410006561,0.6725382499971602,0.6777859590001754,1.9392268330011575,1.9477331669986597
1000,0.7145248330016329,0.6904985410001245,0.38426458300091326,1.5770351659994049,1.9007174170001235
2000,0.4113852499976929,0.4192842919983377,0.5582331669975247,0.7089153749984689,0.636296417000267
3000,0.49186204099896713,0.4969468329982192,0.7267605000015465,0.6379037499973492,0.6382794579985784
5000,0.7875177499990968,0.8041020830023626,1.492784041001869,0.6591595419995429,0.6476233749999665
